eski_url,yeni_url,durum,grup,not
"/","/",BIREBIR,ana,""
"/3d-animasyon","/me-collection",KURAL,ana,"kategori sayfası → M&E Collection"
"/3ds-max","/3dsmax",KURAL,ana,"slug farkı"
"/abc-pro","/urunler",GOZDEN,ana,"eski ürün tanımlanamadı — Onur teyidi gerekli"
"/acrobat-sign","/adobe",KURAL,ana,"Acrobat Sign ayrı sayfa yok → Adobe hub"
"/adobe","/adobe",BIREBIR,ana,""
"/adobe-acrobat","/adobe",KURAL,ana,"Acrobat karta indirgendi → Adobe hub"
"/adobe-creative-cloud","/adobe",KURAL,ana,""
"/adobe-yaraticilik","/yaratici-icerik",KURAL,ana,"kategori → Yaratıcı İçerik çözümü"
"/adobe-yaraticilik/acrobat-pro","/adobe",KURAL,koleksiyon:adobe-yaraticilik,"model eşleşmesi: acrobat"
"/adobe-yaraticilik/adobe-fonts","/adobe",GOZDEN,koleksiyon:adobe-yaraticilik,"ürün tanınmadı"
"/adobe-yaraticilik/adobe-fresco","/adobe",GOZDEN,koleksiyon:adobe-yaraticilik,"ürün tanınmadı"
"/adobe-yaraticilik/adobe-stock","/adobe-stock",KURAL,koleksiyon:adobe-yaraticilik,"model eşleşmesi: stock"
"/adobe-yaraticilik/aero","/adobe",GOZDEN,koleksiyon:adobe-yaraticilik,"ürün tanınmadı"
"/adobe-yaraticilik/after-effects","/after-effects",KURAL,koleksiyon:adobe-yaraticilik,"model eşleşmesi: after-effects"
"/adobe-yaraticilik/animate","/adobe",GOZDEN,koleksiyon:adobe-yaraticilik,"ürün tanınmadı"
"/adobe-yaraticilik/audition","/adobe",GOZDEN,koleksiyon:adobe-yaraticilik,"ürün tanınmadı"
"/adobe-yaraticilik/behance","/adobe",GOZDEN,koleksiyon:adobe-yaraticilik,"ürün tanınmadı"
"/adobe-yaraticilik/bridge","/adobe",GOZDEN,koleksiyon:adobe-yaraticilik,"ürün tanınmadı"
"/adobe-yaraticilik/capture","/adobe",GOZDEN,koleksiyon:adobe-yaraticilik,"ürün tanınmadı"
"/adobe-yaraticilik/charachter-animator","/adobe",GOZDEN,koleksiyon:adobe-yaraticilik,"ürün tanınmadı"
"/adobe-yaraticilik/dreamweaver","/adobe",GOZDEN,koleksiyon:adobe-yaraticilik,"ürün tanınmadı"
"/adobe-yaraticilik/illustrator","/illustrator",KURAL,koleksiyon:adobe-yaraticilik,"model eşleşmesi: illustrator"
"/adobe-yaraticilik/incopy","/adobe",GOZDEN,koleksiyon:adobe-yaraticilik,"ürün tanınmadı"
"/adobe-yaraticilik/indesign","/indesign",KURAL,koleksiyon:adobe-yaraticilik,"model eşleşmesi: indesign"
"/adobe-yaraticilik/lightroom","/lightroom",KURAL,koleksiyon:adobe-yaraticilik,"model eşleşmesi: lightroom"
"/adobe-yaraticilik/lightroom-classic","/lightroom",KURAL,koleksiyon:adobe-yaraticilik,"model eşleşmesi: lightroom"
"/adobe-yaraticilik/media-encoder","/adobe",GOZDEN,koleksiyon:adobe-yaraticilik,"ürün tanınmadı"
"/adobe-yaraticilik/mixamo","/adobe",GOZDEN,koleksiyon:adobe-yaraticilik,"ürün tanınmadı"
"/adobe-yaraticilik/photoshop","/photoshop",KURAL,koleksiyon:adobe-yaraticilik,"model eşleşmesi: photoshop"
"/adobe-yaraticilik/photoshop-express","/photoshop",KURAL,koleksiyon:adobe-yaraticilik,"model eşleşmesi: photoshop"
"/adobe-yaraticilik/portfolio","/adobe",GOZDEN,koleksiyon:adobe-yaraticilik,"ürün tanınmadı"
"/adobe-yaraticilik/premiere-pro","/premiere-pro",KURAL,koleksiyon:adobe-yaraticilik,"model eşleşmesi: premiere"
"/adobe-yaraticilik/premiere-rush","/premiere-pro",KURAL,koleksiyon:adobe-yaraticilik,"model eşleşmesi: premiere"
"/adobe-yaraticilik/substance-3d-designer","/substance-3d",KURAL,koleksiyon:adobe-yaraticilik,"model eşleşmesi: substance"
"/adobe-yaraticilik/substance-3d-modeler","/substance-3d",KURAL,koleksiyon:adobe-yaraticilik,"model eşleşmesi: substance"
"/adobe-yaraticilik/substance-3d-painter","/substance-3d",KURAL,koleksiyon:adobe-yaraticilik,"model eşleşmesi: substance"
"/adobe-yaraticilik/substance-3d-sampler","/substance-3d",KURAL,koleksiyon:adobe-yaraticilik,"model eşleşmesi: substance"
"/adobe-yaraticilik/substance-3d-stager","/substance-3d",KURAL,koleksiyon:adobe-yaraticilik,"model eşleşmesi: substance"
"/advance-steel","/advance-steel",BIREBIR,ana,""
"/aec-collection","/aec-collection",BIREBIR,ana,""
"/alias","/alias",BIREBIR,ana,""
"/alt-yapi","/sektor-insaat",KURAL,ana,""
"/alt-yapi-icin-bim","/bim",KURAL,ana,""
"/altyapi-yazilimlari","/sektor-insaat",KURAL,ana,""
"/autocad","/autocad",BIREBIR,ana,""
"/autocad-architecture","/autocad",KURAL,ana,"toolset artık AutoCAD'e dahil"
"/autocad-electrical","/autocad",KURAL,ana,"toolset"
"/autocad-lt","/autocad-lt",BIREBIR,ana,""
"/autocad-map","/autocad",KURAL,ana,"toolset (Map 3D)"
"/autocad-mechanical","/autocad",KURAL,ana,"toolset"
"/autocad-mep","/autocad",KURAL,ana,"toolset"
"/autodesk","/autodesk",BIREBIR,ana,""
"/autodesk-cfd","/simulasyon",GOZDEN,ana,"CFD ürünü satıştan kalktı → simülasyon çözümü"
"/basari","/hakkimizda",GOZDEN,ana,"başarı öyküleri bölümü yeni sitede yok"
"/basari-oykuleri","/hakkimizda",GOZDEN,ana,"başarı öyküleri bölümü yeni sitede yok"
"/basari-oykuleri/decons-","/hakkimizda",GOZDEN,koleksiyon:basari-oykuleri,"başarı öyküleri yok"
"/basari-oykuleri/desert-wildlife-conservation","/hakkimizda",GOZDEN,koleksiyon:basari-oykuleri,"başarı öyküleri yok"
"/basari-oykuleri/rainforest-action-initiative","/hakkimizda",GOZDEN,koleksiyon:basari-oykuleri,"başarı öyküleri yok"
"/basari-oykuleri/renewable-energy-program","/hakkimizda",GOZDEN,koleksiyon:basari-oykuleri,"başarı öyküleri yok"
"/bim","/bim",BIREBIR,ana,""
"/blog","/",GOZDEN,ana,"blog yeni sitede yok — karar bekliyor"
"/blog/categories/3d-lazer-tarama","/",GOZDEN-BLOG,blog-tax,"blog taksonomisi"
"/blog/categories/3d-printer","/",GOZDEN-BLOG,blog-tax,"blog taksonomisi"
"/blog/categories/3d-yazıcı","/",GOZDEN-BLOG,blog-tax,"blog taksonomisi"
"/blog/categories/3dsmax","/",GOZDEN-BLOG,blog-tax,"blog taksonomisi"
"/blog/categories/additive-manufacturing","/",GOZDEN-BLOG,blog-tax,"blog taksonomisi"
"/blog/categories/aec-i-nşaat-sektörü","/",GOZDEN-BLOG,blog-tax,"blog taksonomisi"
"/blog/categories/alias","/",GOZDEN-BLOG,blog-tax,"blog taksonomisi"
"/blog/categories/altyapı","/",GOZDEN-BLOG,blog-tax,"blog taksonomisi"
"/blog/categories/analiz","/",GOZDEN-BLOG,blog-tax,"blog taksonomisi"
"/blog/categories/animasyon","/",GOZDEN-BLOG,blog-tax,"blog taksonomisi"
"/blog/categories/ar","/",GOZDEN-BLOG,blog-tax,"blog taksonomisi"
"/blog/categories/architecture","/",GOZDEN-BLOG,blog-tax,"blog taksonomisi"
"/blog/categories/arge","/",GOZDEN-BLOG,blog-tax,"blog taksonomisi"
"/blog/categories/autocad","/",GOZDEN-BLOG,blog-tax,"blog taksonomisi"
"/blog/categories/autocad-lt","/",GOZDEN-BLOG,blog-tax,"blog taksonomisi"
"/blog/categories/autodesk-dynamo","/",GOZDEN-BLOG,blog-tax,"blog taksonomisi"
"/blog/categories/autodesk-inventor","/",GOZDEN-BLOG,blog-tax,"blog taksonomisi"
"/blog/categories/autodesk-revit","/",GOZDEN-BLOG,blog-tax,"blog taksonomisi"
"/blog/categories/bim","/",GOZDEN-BLOG,blog-tax,"blog taksonomisi"
"/blog/categories/bim-360","/",GOZDEN-BLOG,blog-tax,"blog taksonomisi"
"/blog/categories/bim-collaborate-pro","/",GOZDEN-BLOG,blog-tax,"blog taksonomisi"
"/blog/categories/bim-object","/",GOZDEN-BLOG,blog-tax,"blog taksonomisi"
"/blog/categories/bulut-çözümleri","/",GOZDEN-BLOG,blog-tax,"blog taksonomisi"
"/blog/categories/cad","/",GOZDEN-BLOG,blog-tax,"blog taksonomisi"
"/blog/categories/cae","/",GOZDEN-BLOG,blog-tax,"blog taksonomisi"
"/blog/categories/cam","/",GOZDEN-BLOG,blog-tax,"blog taksonomisi"
"/blog/categories/cam-1","/",GOZDEN-BLOG,blog-tax,"blog taksonomisi"
"/blog/categories/cfd","/",GOZDEN-BLOG,blog-tax,"blog taksonomisi"
"/blog/categories/civil3d","/",GOZDEN-BLOG,blog-tax,"blog taksonomisi"
"/blog/categories/construction","/",GOZDEN-BLOG,blog-tax,"blog taksonomisi"
"/blog/categories/construction-cloud","/",GOZDEN-BLOG,blog-tax,"blog taksonomisi"
"/blog/categories/digital-twin","/",GOZDEN-BLOG,blog-tax,"blog taksonomisi"
"/blog/categories/dijital-i̇kiz","/",GOZDEN-BLOG,blog-tax,"blog taksonomisi"
"/blog/categories/eklemeli-i̇malat","/",GOZDEN-BLOG,blog-tax,"blog taksonomisi"
"/blog/categories/elektrik-tesisatı","/",GOZDEN-BLOG,blog-tax,"blog taksonomisi"
"/blog/categories/elektronik","/",GOZDEN-BLOG,blog-tax,"blog taksonomisi"
"/blog/categories/endüstriyel-tasarım","/",GOZDEN-BLOG,blog-tax,"blog taksonomisi"
"/blog/categories/endüstriyel-tesis","/",GOZDEN-BLOG,blog-tax,"blog taksonomisi"
"/blog/categories/factory-design-utilities","/",GOZDEN-BLOG,blog-tax,"blog taksonomisi"
"/blog/categories/forge","/",GOZDEN-BLOG,blog-tax,"blog taksonomisi"
"/blog/categories/formit","/",GOZDEN-BLOG,blog-tax,"blog taksonomisi"
"/blog/categories/frezeleme","/",GOZDEN-BLOG,blog-tax,"blog taksonomisi"
"/blog/categories/fusion-360","/",GOZDEN-BLOG,blog-tax,"blog taksonomisi"
"/blog/categories/fusion-360-eklentileri","/",GOZDEN-BLOG,blog-tax,"blog taksonomisi"
"/blog/categories/gelişmiş-i̇şleme","/",GOZDEN-BLOG,blog-tax,"blog taksonomisi"
"/blog/categories/generative-design","/",GOZDEN-BLOG,blog-tax,"blog taksonomisi"
"/blog/categories/hvac","/",GOZDEN-BLOG,blog-tax,"blog taksonomisi"
"/blog/categories/infraworks","/",GOZDEN-BLOG,blog-tax,"blog taksonomisi"
"/blog/categories/i̇nşaat","/",GOZDEN-BLOG,blog-tax,"blog taksonomisi"
"/blog/categories/i̇ş-birliği","/",GOZDEN-BLOG,blog-tax,"blog taksonomisi"
"/blog/categories/kablolama-ve-borulama","/",GOZDEN-BLOG,blog-tax,"blog taksonomisi"
"/blog/categories/machining","/",GOZDEN-BLOG,blog-tax,"blog taksonomisi"
"/blog/categories/mekanik-tesisat","/",GOZDEN-BLOG,blog-tax,"blog taksonomisi"
"/blog/categories/mimari","/",GOZDEN-BLOG,blog-tax,"blog taksonomisi"
"/blog/categories/montaj","/",GOZDEN-BLOG,blog-tax,"blog taksonomisi"
"/blog/categories/nastran","/",GOZDEN-BLOG,blog-tax,"blog taksonomisi"
"/blog/categories/navisworks","/",GOZDEN-BLOG,blog-tax,"blog taksonomisi"
"/blog/categories/nesting","/",GOZDEN-BLOG,blog-tax,"blog taksonomisi"
"/blog/categories/operasyon-resmi","/",GOZDEN-BLOG,blog-tax,"blog taksonomisi"
"/blog/categories/pcb","/",GOZDEN-BLOG,blog-tax,"blog taksonomisi"
"/blog/categories/pcb-1","/",GOZDEN-BLOG,blog-tax,"blog taksonomisi"
"/blog/categories/pdm","/",GOZDEN-BLOG,blog-tax,"blog taksonomisi"
"/blog/categories/plant3d","/",GOZDEN-BLOG,blog-tax,"blog taksonomisi"
"/blog/categories/plazma","/",GOZDEN-BLOG,blog-tax,"blog taksonomisi"
"/blog/categories/plm","/",GOZDEN-BLOG,blog-tax,"blog taksonomisi"
"/blog/categories/prefabrik","/",GOZDEN-BLOG,blog-tax,"blog taksonomisi"
"/blog/categories/prekast","/",GOZDEN-BLOG,blog-tax,"blog taksonomisi"
"/blog/categories/proje","/",GOZDEN-BLOG,blog-tax,"blog taksonomisi"
"/blog/categories/render","/",GOZDEN-BLOG,blog-tax,"blog taksonomisi"
"/blog/categories/render-1","/",GOZDEN-BLOG,blog-tax,"blog taksonomisi"
"/blog/categories/robot-structural-analysis","/",GOZDEN-BLOG,blog-tax,"blog taksonomisi"
"/blog/categories/sac-metal-tasarımı","/",GOZDEN-BLOG,blog-tax,"blog taksonomisi"
"/blog/categories/simulasyon","/",GOZDEN-BLOG,blog-tax,"blog taksonomisi"
"/blog/categories/su-jeti","/",GOZDEN-BLOG,blog-tax,"blog taksonomisi"
"/blog/categories/süreç-yönetimi","/",GOZDEN-BLOG,blog-tax,"blog taksonomisi"
"/blog/categories/tasarım","/",GOZDEN-BLOG,blog-tax,"blog taksonomisi"
"/blog/categories/tasarım-otomasyonu","/",GOZDEN-BLOG,blog-tax,"blog taksonomisi"
"/blog/categories/teknik-resim","/",GOZDEN-BLOG,blog-tax,"blog taksonomisi"
"/blog/categories/tips-tricks","/",GOZDEN-BLOG,blog-tax,"blog taksonomisi"
"/blog/categories/tolarance-analysis","/",GOZDEN-BLOG,blog-tax,"blog taksonomisi"
"/blog/categories/topografya-modelleme","/",GOZDEN-BLOG,blog-tax,"blog taksonomisi"
"/blog/categories/tornalama","/",GOZDEN-BLOG,blog-tax,"blog taksonomisi"
"/blog/categories/tube-pipe","/",GOZDEN-BLOG,blog-tax,"blog taksonomisi"
"/blog/categories/uzaktan-çalışma","/",GOZDEN-BLOG,blog-tax,"blog taksonomisi"
"/blog/categories/vault","/",GOZDEN-BLOG,blog-tax,"blog taksonomisi"
"/blog/categories/veri-yönetimi","/",GOZDEN-BLOG,blog-tax,"blog taksonomisi"
"/blog/categories/vr","/",GOZDEN-BLOG,blog-tax,"blog taksonomisi"
"/blog/categories/vred","/",GOZDEN-BLOG,blog-tax,"blog taksonomisi"
"/blog/categories/vred-1","/",GOZDEN-BLOG,blog-tax,"blog taksonomisi"
"/blog/categories/xr","/",GOZDEN-BLOG,blog-tax,"blog taksonomisi"
"/blog/categories/yüzey-modelleme","/",GOZDEN-BLOG,blog-tax,"blog taksonomisi"
"/blog/categories/çakışma-analizi","/",GOZDEN-BLOG,blog-tax,"blog taksonomisi"
"/blog/categories/üretim","/",GOZDEN-BLOG,blog-tax,"blog taksonomisi"
"/blog/categories/üretken-tasatım","/",GOZDEN-BLOG,blog-tax,"blog taksonomisi"
"/blog/categories/ürün-tasarımı","/",GOZDEN-BLOG,blog-tax,"blog taksonomisi"
"/blog/categories/ürün-yaşam-döngüsü","/",GOZDEN-BLOG,blog-tax,"blog taksonomisi"
"/blog/categories/şantiye","/",GOZDEN-BLOG,blog-tax,"blog taksonomisi"
"/bosalan","/",KURAL,ana,"Wix boş sayfa"
"/cam-ve-imalat-teknolojileri","/cam",KURAL,ana,""
"/cam-ve-imalat-yazilimlari","/cam",KURAL,ana,""
"/chaos","/chaos",BIREBIR,ana,""
"/chaos/chaos-phoneix","/chaos",GOZDEN,koleksiyon:chaos,"ürün tanınmadı"
"/chaos/chaos-scans","/chaos",GOZDEN,koleksiyon:chaos,"ürün tanınmadı"
"/chaos/v-ray-app-sdk","/chaos",KURAL,koleksiyon:chaos,"model eşleşmesi: v-ray"
"/chaos/v-ray-for-3ds-max","/chaos",KURAL,koleksiyon:chaos,"model eşleşmesi: v-ray"
"/chaos/v-ray-for-blender","/chaos",KURAL,koleksiyon:chaos,"model eşleşmesi: v-ray"
"/chaos/v-ray-for-cinema-4d","/chaos",KURAL,koleksiyon:chaos,"model eşleşmesi: v-ray"
"/chaos/v-ray-for-form.z","/chaos",KURAL,koleksiyon:chaos,"model eşleşmesi: v-ray"
"/chaos/v-ray-for-houdini","/chaos",KURAL,koleksiyon:chaos,"model eşleşmesi: v-ray"
"/chaos/v-ray-for-maya","/chaos",KURAL,koleksiyon:chaos,"model eşleşmesi: v-ray"
"/chaos/v-ray-for-nuke","/chaos",KURAL,koleksiyon:chaos,"model eşleşmesi: v-ray"
"/chaos/v-ray-for-revit","/chaos",KURAL,koleksiyon:chaos,"model eşleşmesi: v-ray"
"/chaos/v-ray-for-rhino","/chaos",KURAL,koleksiyon:chaos,"model eşleşmesi: v-ray"
"/chaos/v-ray-for-sketchup","/chaos",KURAL,koleksiyon:chaos,"model eşleşmesi: v-ray"
"/chaos/v-ray-for-unreal","/chaos",KURAL,koleksiyon:chaos,"model eşleşmesi: v-ray"
"/chaos/v-ray-render-node","/chaos",KURAL,koleksiyon:chaos,"model eşleşmesi: v-ray"
"/cozumler","/cozumler",BIREBIR,ana,""
"/danismanlik","/danismanlik",BIREBIR,ana,""
"/danismanlik/aec-sekt%C3%B6r%C3%BC-bim-entegrasyon-program%C4%B1","/danismanlik",KURAL,koleksiyon:danismanlik,""
"/danismanlik/bim-i%CC%87%C3%A7eri%C4%9Fi-%C3%BCretimi-%2F-bim-obje-olu%C5%9Fturma","/danismanlik",KURAL,koleksiyon:danismanlik,""
"/danismanlik/cad---erp---mrp-entegrasyonlar%C4%B1","/danismanlik",KURAL,koleksiyon:danismanlik,""
"/danismanlik/cfd-ve-fea-analiz-ve-sim%C3%BClasyon-hizmetleri","/danismanlik",KURAL,koleksiyon:danismanlik,""
"/danismanlik/i%CC%87n%C5%9Faat-teknolojisi-s%C3%BCre%C3%A7-analizi","/danismanlik",KURAL,koleksiyon:danismanlik,""
"/danismanlik/pdm---%C3%BCr%C3%BCn-veri-y%C3%B6netimi-projeleri","/danismanlik",KURAL,koleksiyon:danismanlik,""
"/danismanlik/plm---%C3%BCr%C3%BCn-ya%C5%9Fam-d%C3%B6ng%C3%BCs%C3%BC-projeleri","/danismanlik",KURAL,koleksiyon:danismanlik,""
"/danismanlik/revit-family-olu%C5%9Fturma","/danismanlik",KURAL,koleksiyon:danismanlik,""
"/danismanlik/tasar%C4%B1m---%C3%BCretim---sat%C4%B1%C5%9F-otomasyonlar%C4%B1","/danismanlik",KURAL,koleksiyon:danismanlik,""
"/designjet-fotograf","/hp-designjet-z",KURAL,ana,""
"/designjet-fotograf/hp-designjet-postscript-z9-44%22-yaz%C4%B1c%C4%B1","/designjet-z9-pro",KURAL,koleksiyon:designjet-fotograf,"model eşleşmesi: z9"
"/designjet-fotograf/hp-designjet-z9%2B-pro-64%22-yaz%C4%B1c%C4%B1","/designjet-z9-pro",KURAL,koleksiyon:designjet-fotograf,"model eşleşmesi: z9"
"/designjet-grafik","/hp-designjet-z",KURAL,ana,""
"/designjet-grafik/hp-designjet-postscript-z6-yaz%C4%B1c%C4%B1-serisi","/designjet-z6-pro",KURAL,koleksiyon:designjet-grafik,"model eşleşmesi: z6"
"/designjet-grafik/hp-designjet-postscript-z9-yaz%C4%B1c%C4%B1-serisi","/designjet-z9-pro",KURAL,koleksiyon:designjet-grafik,"model eşleşmesi: z9"
"/designjet-grafik/hp-designjet-z9-pro-64-%22-yaz%C4%B1c%C4%B1","/designjet-z9-pro",KURAL,koleksiyon:designjet-grafik,"model eşleşmesi: z9"
"/designjet-ofis","/hp-designjet-t",KURAL,ana,""
"/designjet-ofis/hp-t1600","/designjet-t1600",KURAL,koleksiyon:designjet-ofis,"model eşleşmesi: t1600"
"/designjet-ofis/hp-t1700","/designjet-t1700",KURAL,koleksiyon:designjet-ofis,"model eşleşmesi: t1700"
"/designjet-ofis/hp-t230","/designjet-t200",KURAL,koleksiyon:designjet-ofis,"model eşleşmesi: t230"
"/designjet-ofis/hp-t2600","/designjet-t2600",KURAL,koleksiyon:designjet-ofis,"model eşleşmesi: t2600"
"/designjet-ofis/hp-t630-24","/designjet-t600",KURAL,koleksiyon:designjet-ofis,"model eşleşmesi: t630"
"/designjet-ofis/hp-t630-36","/designjet-t600",KURAL,koleksiyon:designjet-ofis,"model eşleşmesi: t630"
"/designjet-ofis/hp-t730","/hp-designjet-t",GOZDEN,koleksiyon:designjet-ofis,"model tanınmadı"
"/designjet-ofis/hp-t830-24","/designjet-t830",KURAL,koleksiyon:designjet-ofis,"model eşleşmesi: t830"
"/designjet-ofis/hp-t830-36","/designjet-t830",KURAL,koleksiyon:designjet-ofis,"model eşleşmesi: t830"
"/designjet-ofis/hp-t850","/designjet-t850",KURAL,koleksiyon:designjet-ofis,"model eşleşmesi: t850"
"/designjet-ofis/hp-t950","/designjet-t950",KURAL,koleksiyon:designjet-ofis,"model eşleşmesi: t950"
"/designjet-sarf","/designjet",GOZDEN,ana,"sarf malzeme sayfası yeni sitede yok"
"/designjet-sarf/hp-bask%C4%B1-kafas%C4%B1-seti","/designjet",GOZDEN,koleksiyon:designjet-sarf,"sarf sayfası yok"
"/designjet-sarf/hp-k%C4%B1rm%C4%B1z%C4%B1-kartu%C5%9F-(29ml)","/designjet",GOZDEN,koleksiyon:designjet-sarf,"sarf sayfası yok"
"/designjet-sarf/hp-k%C4%B1rm%C4%B1z%C4%B1-kartu%C5%9F-(29ml-x-3&apos;l%C3%BC-paket)","/designjet",GOZDEN,koleksiyon:designjet-sarf,"sarf sayfası yok"
"/designjet-sarf/hp-mavi-kartu%C5%9F(29ml-x-3&apos;l%C3%BC-paket)","/designjet",GOZDEN,koleksiyon:designjet-sarf,"sarf sayfası yok"
"/designjet-sarf/hp-mavi-kartu%C5%9F-(29ml)","/designjet",GOZDEN,koleksiyon:designjet-sarf,"sarf sayfası yok"
"/designjet-sarf/hp-renkli-3-l%C3%BC-paket-29ml-cam-g%C3%B6be%C4%9Fi---magenta----sar%C4%B1","/designjet",GOZDEN,koleksiyon:designjet-sarf,"sarf sayfası yok"
"/designjet-sarf/hp-sar%C4%B1-kartu%C5%9F-(29ml)","/designjet",GOZDEN,koleksiyon:designjet-sarf,"sarf sayfası yok"
"/designjet-sarf/hp-sar%C4%B1-kartu%C5%9F-(29ml-x-3&apos;l%C3%BC-paket)","/designjet",GOZDEN,koleksiyon:designjet-sarf,"sarf sayfası yok"
"/designjet-sarf/hp-siyah-2li-paket-80ml-designjet-m%C3%BCrekkep-kartu%C5%9Fu","/designjet",GOZDEN,koleksiyon:designjet-sarf,"sarf sayfası yok"
"/designjet-sarf/hp-siyah-kartu%C5%9F-(38ml)","/designjet",GOZDEN,koleksiyon:designjet-sarf,"sarf sayfası yok"
"/designjet-sarf/hp-siyah-kartu%C5%9F-(80ml)","/designjet",GOZDEN,koleksiyon:designjet-sarf,"sarf sayfası yok"
"/designjet-tarayici","/designjet-hd-pro",GOZDEN,ana,"tarayıcı seri sayfası yok; HD Pro'ya"
"/designjet-tarayici/hp-designjet-hd-pro-42%22-taray%C4%B1c%C4%B1","/designjet-hd-pro",KURAL,koleksiyon:designjet-tarayici,"model eşleşmesi: hd-pro"
"/designjet-tarayici/hp-sd-pro-44%22-taray%C4%B1c%C4%B1","/designjet-sd-pro",KURAL,koleksiyon:designjet-tarayici,"model eşleşmesi: sd-pro"
"/designjet-uretim","/hp-designjet-xl",KURAL,ana,""
"/designjet-uretim/hp-designjet-xl-3600-36%22","/designjet-xl3600",KURAL,koleksiyon:designjet-uretim,"model eşleşmesi: xl-3600"
"/designjet-uretim/hp-designjet-xl-3800-36%22","/designjet-xl3800",KURAL,koleksiyon:designjet-uretim,"model eşleşmesi: xl-3800"
"/designjet-uretim/hp-designjet-z6-pro-64%22","/designjet-z6-pro",KURAL,koleksiyon:designjet-uretim,"model eşleşmesi: z6-pro"
"/designjet-uretim/hp-designjet-z9-pro-64%22","/designjet-z9-pro",KURAL,koleksiyon:designjet-uretim,"model eşleşmesi: z9"
"/egitimler","/egitimler",BIREBIR,ana,""
"/egitimler/3ds-max-egitimi","/egitimler",KURAL,koleksiyon:egitimler,"eğitim detayları katalogda"
"/egitimler/advance-steel-egitimi","/egitimler",KURAL,koleksiyon:egitimler,"eğitim detayları katalogda"
"/egitimler/arnold-egitimi","/egitimler",KURAL,koleksiyon:egitimler,"eğitim detayları katalogda"
"/egitimler/autocad-2d-egitimi","/egitimler",KURAL,koleksiyon:egitimler,"eğitim detayları katalogda"
"/egitimler/autocad-3d-egitimi","/egitimler",KURAL,koleksiyon:egitimler,"eğitim detayları katalogda"
"/egitimler/autocad-elektrik-egitimi","/egitimler",KURAL,koleksiyon:egitimler,"eğitim detayları katalogda"
"/egitimler/autocad-lt-egitimi","/egitimler",KURAL,koleksiyon:egitimler,"eğitim detayları katalogda"
"/egitimler/autocad-mechanical-egitimi","/egitimler",KURAL,koleksiyon:egitimler,"eğitim detayları katalogda"
"/egitimler/autocad-mep-egitimi","/egitimler",KURAL,koleksiyon:egitimler,"eğitim detayları katalogda"
"/egitimler/autodesk-vault-egitimi","/egitimler",KURAL,koleksiyon:egitimler,"eğitim detayları katalogda"
"/egitimler/fabrication-cadmep-egitimi","/egitimler",KURAL,koleksiyon:egitimler,"eğitim detayları katalogda"
"/egitimler/fabrication-camduct-egitimi","/egitimler",KURAL,koleksiyon:egitimler,"eğitim detayları katalogda"
"/egitimler/fabrication-estmep-egitimi","/egitimler",KURAL,koleksiyon:egitimler,"eğitim detayları katalogda"
"/egitimler/factory-design-utility-egitimi","/egitimler",KURAL,koleksiyon:egitimler,"eğitim detayları katalogda"
"/egitimler/fusion-360-additive-build-egitimi","/egitimler",KURAL,koleksiyon:egitimler,"eğitim detayları katalogda"
"/egitimler/fusion-360-analiz-egitimi","/egitimler",KURAL,koleksiyon:egitimler,"eğitim detayları katalogda"
"/egitimler/fusion-360-cam-egitimi","/egitimler",KURAL,koleksiyon:egitimler,"eğitim detayları katalogda"
"/egitimler/fusion-360-generative-design-egitimi","/egitimler",KURAL,koleksiyon:egitimler,"eğitim detayları katalogda"
"/egitimler/fusion-360-modelleme-egitimi","/egitimler",KURAL,koleksiyon:egitimler,"eğitim detayları katalogda"
"/egitimler/fusion-360-with-eagle-egitimi","/egitimler",KURAL,koleksiyon:egitimler,"eğitim detayları katalogda"
"/egitimler/fusion-360-with-netfabb-egitimi","/egitimler",KURAL,koleksiyon:egitimler,"eğitim detayları katalogda"
"/egitimler/inventor-cam-egitimi","/egitimler",KURAL,koleksiyon:egitimler,"eğitim detayları katalogda"
"/egitimler/inventor-egitimi","/egitimler",KURAL,koleksiyon:egitimler,"eğitim detayları katalogda"
"/egitimler/inventor-elektrik-egitimi","/egitimler",KURAL,koleksiyon:egitimler,"eğitim detayları katalogda"
"/egitimler/inventor-metal-kalip-egitimi","/egitimler",KURAL,koleksiyon:egitimler,"eğitim detayları katalogda"
"/egitimler/inventor-nastran-egitimi","/egitimler",KURAL,koleksiyon:egitimler,"eğitim detayları katalogda"
"/egitimler/inventor-nesting-egitimi","/egitimler",KURAL,koleksiyon:egitimler,"eğitim detayları katalogda"
"/egitimler/inventor-plastik-enjeksiyon-kalip-tasarimi-egitimi","/egitimler",KURAL,koleksiyon:egitimler,"eğitim detayları katalogda"
"/egitimler/inventor-sac-metal-kalip-egitimi","/egitimler",KURAL,koleksiyon:egitimler,"eğitim detayları katalogda"
"/egitimler/inventor-tolerance-analysis-egitimi","/egitimler",KURAL,koleksiyon:egitimler,"eğitim detayları katalogda"
"/egitimler/plant-3d-egitimi","/egitimler",KURAL,koleksiyon:egitimler,"eğitim detayları katalogda"
"/egitimler/revit-elektrik-egitimi","/egitimler",KURAL,koleksiyon:egitimler,"eğitim detayları katalogda"
"/egitimler/revit-family-egitimi","/egitimler",KURAL,koleksiyon:egitimler,"eğitim detayları katalogda"
"/egitimler/revit-hvac-egitimi","/egitimler",KURAL,koleksiyon:egitimler,"eğitim detayları katalogda"
"/egitimler/revit-mekanik-egitimi","/egitimler",KURAL,koleksiyon:egitimler,"eğitim detayları katalogda"
"/egitimler/revit-mimari-egitimi","/egitimler",KURAL,koleksiyon:egitimler,"eğitim detayları katalogda"
"/egitimler/revit-statik-egitimi","/egitimler",KURAL,koleksiyon:egitimler,"eğitim detayları katalogda"
"/egitimler/revit-tesisat-egitimi","/egitimler",KURAL,koleksiyon:egitimler,"eğitim detayları katalogda"
"/egitimler/vehicle-tracking-egitimi","/egitimler",KURAL,koleksiyon:egitimler,"eğitim detayları katalogda"
"/endustri","/sektor-mimari",GOZDEN,ana,"endüstriler indeks sayfası yok"
"/etkinlikler","/",GOZDEN,ana,"etkinlik sayfası yeni sitede yok"
"/etkinlikler/dijital-d%C3%B6n%C3%BC%C5%9F%C3%BCm%3A-yapay-zek%C3%A2-ve-entegre-%C3%A7%C3%B6z%C3%BCmler-ile-verimlili%C4%9Finizi-artt%C4%B1r%C4%B1n-tarih%3A-15-ocak-2025-yer%3A-tasigo-otel%2C-eski%C5%9Fehir","/",GOZDEN,koleksiyon:etkinlikler,"etkinlik sayfası yok"
"/fabrication","/cam",GOZDEN,ana,"Fabrication ürün ailesi → CAM çözümü"
"/fabrika-tasarimi-ve-dijital-ikiz","/fabrika-tasarimi",KURAL,ana,""
"/factory-design-utilities","/factory-design",KURAL,ana,"slug farkı"
"/farkli-cad-sistemleri","/urunler",KURAL,ana,""
"/film-vfx-yazilimlari","/sektor-medya",KURAL,ana,""
"/fotografcilik-ve-videografi","/adobe",KURAL,ana,""
"/fusion","/fusion",BIREBIR,ana,""
"/fusion360-manage","/fusion-manage",KURAL,ana,"Fusion 360 Manage → Fusion Manage (yeni ad)"
"/gorsel-efekt","/sektor-medya",KURAL,ana,""
"/hata","/",KURAL,ana,"Wix hata sayfası"
"/hp-is-istasyonlari","/hp",KURAL,ana,""
"/hp-masaustu-workstation","/hp-z-workstation",KURAL,ana,""
"/hp-masaustu-workstation/5e0z7es","/hp-z-workstation",KURAL,koleksiyon:hp-masaustu-workstation,""
"/hp-masaustu-workstation/5e0z8es","/hp-z-workstation",KURAL,koleksiyon:hp-masaustu-workstation,""
"/hp-masaustu-workstation/5e0z9es","/hp-z-workstation",KURAL,koleksiyon:hp-masaustu-workstation,""
"/hp-masaustu-workstation/5e1a0es","/hp-z-workstation",KURAL,koleksiyon:hp-masaustu-workstation,""
"/hp-masaustu-workstation/5e1g1es","/hp-z-workstation",KURAL,koleksiyon:hp-masaustu-workstation,""
"/hp-masaustu-workstation/5e8e6ea","/hp-z-workstation",KURAL,koleksiyon:hp-masaustu-workstation,""
"/hp-masaustu-workstation/5e8f7ea","/hp-z-workstation",KURAL,koleksiyon:hp-masaustu-workstation,""
"/hp-masaustu-workstation/5e8g1ea","/hp-z-workstation",KURAL,koleksiyon:hp-masaustu-workstation,""
"/hp-masaustu-workstation/5e8g3ea","/hp-z-workstation",KURAL,koleksiyon:hp-masaustu-workstation,""
"/hp-masaustu-workstation/5e8g4ea","/hp-z-workstation",KURAL,koleksiyon:hp-masaustu-workstation,""
"/hp-masaustu-workstation/5e8g6ea","/hp-z-workstation",KURAL,koleksiyon:hp-masaustu-workstation,""
"/hp-masaustu-workstation/5e8k4ea","/hp-z-workstation",KURAL,koleksiyon:hp-masaustu-workstation,""
"/hp-masaustu-workstation/5f163ea","/hp-z-workstation",KURAL,koleksiyon:hp-masaustu-workstation,""
"/hp-masaustu-workstation/5f164ea","/hp-z-workstation",KURAL,koleksiyon:hp-masaustu-workstation,""
"/hp-masaustu-workstation/5f169ea","/hp-z-workstation",KURAL,koleksiyon:hp-masaustu-workstation,""
"/hp-masaustu-workstation/5f170ea","/hp-z-workstation",KURAL,koleksiyon:hp-masaustu-workstation,""
"/hp-masaustu-workstation/5f826es","/hp-z-workstation",KURAL,koleksiyon:hp-masaustu-workstation,""
"/hp-masaustu-workstation/5f827es","/hp-z-workstation",KURAL,koleksiyon:hp-masaustu-workstation,""
"/hp-masaustu-workstation/5f828es","/hp-z-workstation",KURAL,koleksiyon:hp-masaustu-workstation,""
"/hp-masaustu-workstation/5f829es","/hp-z-workstation",KURAL,koleksiyon:hp-masaustu-workstation,""
"/hp-masaustu-workstation/5f830es","/hp-z-workstation",KURAL,koleksiyon:hp-masaustu-workstation,""
"/hp-masaustu-workstation/5f870es","/hp-z-workstation",KURAL,koleksiyon:hp-masaustu-workstation,""
"/hp-masaustu-workstation/5f871es","/hp-z-workstation",KURAL,koleksiyon:hp-masaustu-workstation,""
"/hp-masaustu-workstation/5f873es","/hp-z-workstation",KURAL,koleksiyon:hp-masaustu-workstation,""
"/hp-mobil-isistasyonu","/hp-zbook",KURAL,ana,""
"/hp-mobil-isistasyonu/hp-zbook-firefly-14-g10","/hp-zbook",KURAL,koleksiyon:hp-mobil-isistasyonu,""
"/hp-mobil-isistasyonu/hp-zbook-firefly-16-g10","/hp-zbook",KURAL,koleksiyon:hp-mobil-isistasyonu,""
"/hp-mobil-isistasyonu/hp-zbook-fury-16-g10","/hp-zbook",KURAL,koleksiyon:hp-mobil-isistasyonu,""
"/hp-mobil-isistasyonu/hp-zbook-power-15-g10","/hp-zbook",KURAL,koleksiyon:hp-mobil-isistasyonu,""
"/hp-mobil-isistasyonu/hp-zbook-studio-16-g10","/hp-zbook",KURAL,koleksiyon:hp-mobil-isistasyonu,""
"/hp-performans-monitor","/hp",GOZDEN,ana,"monitör sayfası yeni sitede yok — karar"
"/hp-performans-monitor/hp-z24f","/hp",GOZDEN,koleksiyon:hp-performans-monitor,"monitör sayfası yok"
"/hp-performans-monitor/hp-z24n","/hp",GOZDEN,koleksiyon:hp-performans-monitor,"monitör sayfası yok"
"/hp-performans-monitor/hp-z25xs","/hp",GOZDEN,koleksiyon:hp-performans-monitor,"monitör sayfası yok"
"/hp-performans-monitor/hp-z27k","/hp",GOZDEN,koleksiyon:hp-performans-monitor,"monitör sayfası yok"
"/hp-performans-monitor/hp-z27q","/hp",GOZDEN,koleksiyon:hp-performans-monitor,"monitör sayfası yok"
"/hp-performans-monitor/hp-z27u","/hp",GOZDEN,koleksiyon:hp-performans-monitor,"monitör sayfası yok"
"/hp-performans-monitor/hp-z27xs","/hp",GOZDEN,koleksiyon:hp-performans-monitor,"monitör sayfası yok"
"/hp-performans-monitor/hp-z32","/hp",GOZDEN,koleksiyon:hp-performans-monitor,"monitör sayfası yok"
"/hp-performans-monitor/hp-z43","/hp",GOZDEN,koleksiyon:hp-performans-monitor,"monitör sayfası yok"
"/hp-plotter","/designjet",KURAL,ana,""
"/hp-plotter-servis","/hp",GOZDEN,ana,"ayrı servis sayfası yok; HP hub servis bölümü"
"/hsm-works","/fusion",GOZDEN,ana,"HSMWorks → Fusion CAM'e evrildi"
"/iletisim","/iletisim",BIREBIR,ana,""
"/infraworks","/infraworks",BIREBIR,ana,""
"/insaat-icin-bim","/bim",KURAL,ana,""
"/insaat-proje-yönetimi","/insaat-yonetimi",KURAL,ana,"URL'de Türkçe karakter vardı"
"/insaat-yazilimlari","/sektor-insaat",KURAL,ana,""
"/inventor","/inventor",BIREBIR,ana,""
"/inventor-cam","/cam",KURAL,ana,"Inventor CAM → CAM çözüm sayfası"
"/inventor-nesting","/nesting",KURAL,ana,""
"/kampanyalar","/",GOZDEN,ana,"kampanya sayfası yok — karar"
"/kampanyalar/autodesk-ekim-kampanyas%C4%B1","/",GOZDEN,koleksiyon:kampanyalar,"kampanya sayfası yok"
"/kampanyalar/hp-designjet-t850-ve-t950-serisi","/",GOZDEN,koleksiyon:kampanyalar,"kampanya sayfası yok"
"/kampanyalar/hp-designjet-xl-3800-ve-takas","/",GOZDEN,koleksiyon:kampanyalar,"kampanya sayfası yok"
"/kampanyalar/t850-kampanya","/",GOZDEN,koleksiyon:kampanyalar,"kampanya sayfası yok"
"/kvkk","/kvkk",BIREBIR,ana,""
"/kvkk/%C3%A7al%C4%B1%C5%9Fan-aday%C4%B1-ayd%C4%B1nlatma-metni","/kvkk",KURAL,koleksiyon:kvkk,""
"/kvkk/%C3%A7erez-politikas%C4%B1","/kvkk",KURAL,koleksiyon:kvkk,""
"/kvkk/gizlilik-politikas%C4%B1","/kvkk",KURAL,koleksiyon:kvkk,""
"/kvkk/i%CC%87lgili-ki%C5%9Fi-ba%C5%9Fvuru-formu--(ki%C5%9Fisel-veri-ba%C5%9Fvuru-ve-yan%C4%B1t-prosed%C3%BCr%C3%BC)","/kvkk",KURAL,koleksiyon:kvkk,""
"/kvkk/i%CC%87nternet-sitesi-kullan%C4%B1c%C4%B1lar%C4%B1-i%CC%87%C3%A7in-ayd%C4%B1nlatma-metni","/kvkk",KURAL,koleksiyon:kvkk,""
"/kvkk/ki%C5%9Fisel-verilerin-korunmas%C4%B1-ve-i%CC%87%C5%9Flenmesi-politikas%C4%B1","/kvkk",KURAL,koleksiyon:kvkk,""
"/kvkk/m%C3%BC%C5%9Fteri-ayd%C4%B1nlatma-metni","/kvkk",KURAL,koleksiyon:kvkk,""
"/kvkk/potansiyel-m%C3%BC%C5%9Fteri-ayd%C4%B1nlatma-metni","/kvkk",KURAL,koleksiyon:kvkk,""
"/kvkk/privacy-policy","/kvkk",KURAL,koleksiyon:kvkk,""
"/kvkk/tedarik%C3%A7i-%C3%A7al%C4%B1%C5%9Fan%C4%B1-ayd%C4%B1nlatma-metni","/kvkk",KURAL,koleksiyon:kvkk,""
"/kvkk/tedarik%C3%A7i-ayd%C4%B1nlatma-metni","/kvkk",KURAL,koleksiyon:kvkk,""
"/makine-ve-ekipman-uretimi","/sektor-makine",KURAL,ana,""
"/maya","/maya",BIREBIR,ana,""
"/mecollection","/me-collection",KURAL,ana,"slug farkı"
"/mekanik-tesisat","/bim",GOZDEN,ana,"MEP içerik BIM çözümünde"
"/mekanik-tesisat-yazilimlari","/bim",GOZDEN,ana,"MEP"
"/mep-icin-bim","/bim",KURAL,ana,""
"/mimari","/sektor-mimari",KURAL,ana,""
"/mimarlik-icin-bim","/bim",KURAL,ana,""
"/mimarlik-yazilimlari","/sektor-mimari",KURAL,ana,""
"/nastran","/simulasyon",GOZDEN,ana,"Nastran satıştan kalktı"
"/navisworks","/navisworks",BIREBIR,ana,""
"/otomotiv","/sektor-otomotiv",KURAL,ana,""
"/otomotiv-agirlik-azaltma","/sektor-otomotiv",KURAL,ana,""
"/oyun-vr-yazilimlari","/sektor-medya",KURAL,ana,""
"/pdm","/pdm",BIREBIR,ana,""
"/pdmc","/pdm-collection",KURAL,ana,"slug farkı"
"/plant-3d","/autocad",KURAL,ana,"toolset (Plant 3D)"
"/plm","/plm",BIREBIR,ana,""
"/plm-ve-pdm-yazilimlari","/plm",KURAL,ana,""
"/point-layout","/bim",GOZDEN,ana,"Point Layout EOL"
"/post/3-boyutlu-lazer-tarama-teknolojileri-ve-cad-yazılımları-ile-uyumu","/",GOZDEN-BLOG,blog-post,"blog kararına bağlı"
"/post/3d-yazıcılar-ve-endüstride-kullanım-örnekleri","/",GOZDEN-BLOG,blog-post,"blog kararına bağlı"
"/post/3ds-max-modifier-set-özelleştirme","/",GOZDEN-BLOG,blog-post,"blog kararına bağlı"
"/post/3ds-max-obje-seçimi","/",GOZDEN-BLOG,blog-post,"blog kararına bağlı"
"/post/4-adımda-operasyon-resimlerinin-oluşturulması","/",GOZDEN-BLOG,blog-post,"blog kararına bağlı"
"/post/alias-autostudio","/",GOZDEN-BLOG,blog-post,"blog kararına bağlı"
"/post/alias-concept","/",GOZDEN-BLOG,blog-post,"blog kararına bağlı"
"/post/altyapı-ve-karayolu-projelerinde-saha-ve-yapı-tasarım-koordinasyonu","/",GOZDEN-BLOG,blog-post,"blog kararına bağlı"
"/post/arge-mühendisleri-için-uzaktan-tasarım-çözümleri","/",GOZDEN-BLOG,blog-post,"blog kararına bağlı"
"/post/autocad-2021-yenilikleri-ve-genel-özellikleri","/",GOZDEN-BLOG,blog-post,"blog kararına bağlı"
"/post/autocad-2023-genel-bakış","/",GOZDEN-BLOG,blog-post,"blog kararına bağlı"
"/post/autocad-dwg-dosyaları-nasıl-revit-e-aktarılır","/",GOZDEN-BLOG,blog-post,"blog kararına bağlı"
"/post/autocad-lt-floating-windows-hareketli-pencereler","/",GOZDEN-BLOG,blog-post,"blog kararına bağlı"
"/post/autocad-lt-nedir","/",GOZDEN-BLOG,blog-post,"blog kararına bağlı"
"/post/autocad-lt-trace-i-z","/",GOZDEN-BLOG,blog-post,"blog kararına bağlı"
"/post/autodesk-ai-daha-yaratıcı-ve-verimli-çalışmanıza-yardımcı-oluyor","/",GOZDEN-BLOG,blog-post,"blog kararına bağlı"
"/post/autodesk-alias","/",GOZDEN-BLOG,blog-post,"blog kararına bağlı"
"/post/autodesk-alias-alias-subd-ile-vr-oluşturun","/",GOZDEN-BLOG,blog-post,"blog kararına bağlı"
"/post/autodesk-alias-alt-bölüm-modelleme-iyileştirmeleri","/",GOZDEN-BLOG,blog-post,"blog kararına bağlı"
"/post/autodesk-alias-assemblies-ve-shotgrid-ile-işbirliğini-geliştirin","/",GOZDEN-BLOG,blog-post,"blog kararına bağlı"
"/post/autodesk-alias-class-a-geliştirmeler","/",GOZDEN-BLOG,blog-post,"blog kararına bağlı"
"/post/autodesk-alias-deck-seam","/",GOZDEN-BLOG,blog-post,"blog kararına bağlı"
"/post/autodesk-alias-eskiz-ve-i-llüstrasyon-araçları","/",GOZDEN-BLOG,blog-post,"blog kararına bağlı"
"/post/autodesk-alias-esnek-ürün-modelleme","/",GOZDEN-BLOG,blog-post,"blog kararına bağlı"
"/post/autodesk-alias-global-refit","/",GOZDEN-BLOG,blog-post,"blog kararına bağlı"
"/post/autodesk-alias-hassas-yüzey-oluşturma","/",GOZDEN-BLOG,blog-post,"blog kararına bağlı"
"/post/autodesk-alias-hızlı-konsept-modelleme","/",GOZDEN-BLOG,blog-post,"blog kararına bağlı"
"/post/autodesk-alias-mesh-aracından-geliştirilmiş-yüzey","/",GOZDEN-BLOG,blog-post,"blog kararına bağlı"
"/post/autodesk-alias-multibend-aracı","/",GOZDEN-BLOG,blog-post,"blog kararına bağlı"
"/post/autodesk-alias-subd-kullanıcı-profili","/",GOZDEN-BLOG,blog-post,"blog kararına bağlı"
"/post/autodesk-alias-subd-retopo-aracı","/",GOZDEN-BLOG,blog-post,"blog kararına bağlı"
"/post/autodesk-alias-tasarım-verilerinin-paylaşılması-ve-yeniden-kullanılması","/",GOZDEN-BLOG,blog-post,"blog kararına bağlı"
"/post/autodesk-alias-yeni-alt-bölüm-modelleme-araçları","/",GOZDEN-BLOG,blog-post,"blog kararına bağlı"
"/post/autodesk-bim-360-bulutta-model-koordinasyonu-ve-çakışma","/",GOZDEN-BLOG,blog-post,"blog kararına bağlı"
"/post/autodesk-bim-360-bulutta-tasarım-değişikliklerini-paylaşma","/",GOZDEN-BLOG,blog-post,"blog kararına bağlı"
"/post/autodesk-bim-360-projelerinizi-bulutta-yönetin","/",GOZDEN-BLOG,blog-post,"blog kararına bağlı"
"/post/autodesk-bim-collaborate-pro-ile-revit-i̇ş-birliği","/",GOZDEN-BLOG,blog-post,"blog kararına bağlı"
"/post/autodesk-cfd","/",GOZDEN-BLOG,blog-post,"blog kararına bağlı"
"/post/autodesk-cfd-hvac-riskleri-azaltın-daha-fazla-iş-kapatın","/",GOZDEN-BLOG,blog-post,"blog kararına bağlı"
"/post/autodesk-cfd-ile-akışkanlar-dinamiği-analizi","/",GOZDEN-BLOG,blog-post,"blog kararına bağlı"
"/post/autodesk-formit-ve-autodesk-revit-ile-ön-tasarım-süreci","/",GOZDEN-BLOG,blog-post,"blog kararına bağlı"
"/post/autodesk-fusion-2024-yol-haritasına-göz-atın","/",GOZDEN-BLOG,blog-post,"blog kararına bağlı"
"/post/autodesk-fusion-360-dosyalarını-bilgisayarın-sabit-diskinde-depolamak","/",GOZDEN-BLOG,blog-post,"blog kararına bağlı"
"/post/autodesk-fusion-360-ile-mekanik-ve-elektronik-tasarım","/",GOZDEN-BLOG,blog-post,"blog kararına bağlı"
"/post/autodesk-fusion-360-ile-tasarımın-geleceği","/",GOZDEN-BLOG,blog-post,"blog kararına bağlı"
"/post/autodesk-fusion-360-montaj-bileşenlerini-renklere-göre-i-lişkilendirme","/",GOZDEN-BLOG,blog-post,"blog kararına bağlı"
"/post/autodesk-fusion-360-ve-üretim-eklentisi-ile-hızlı-ve-verimli-cam-i-şlemleri","/",GOZDEN-BLOG,blog-post,"blog kararına bağlı"
"/post/autodesk-fusion-360-yazılımında-analiz-yöntemlerini-kullanarak-ürün-tasarımı","/",GOZDEN-BLOG,blog-post,"blog kararına bağlı"
"/post/autodesk-fusion-360-yazılımının-kabiliyetini-arttıran-eklentiler","/",GOZDEN-BLOG,blog-post,"blog kararına bağlı"
"/post/autodesk-fusion-360-ın-yeni-özelliği-konfigürasyonlar","/",GOZDEN-BLOG,blog-post,"blog kararına bağlı"
"/post/autodesk-fusion-da-yapay-zeka-destekli-otomatik-teknik-resim-tasarım-sürecinde-devrim","/",GOZDEN-BLOG,blog-post,"blog kararına bağlı"
"/post/autodesk-fusion-ile-teknik-resim-otomasyonu","/",GOZDEN-BLOG,blog-post,"blog kararına bağlı"
"/post/autodesk-fusion-industry-cloud-tasarım-yapay-zeka-ve-üretimde-geleceğe-bakış","/",GOZDEN-BLOG,blog-post,"blog kararına bağlı"
"/post/autodesk-fusion-mart-guncellemesini-kesfedin","/",GOZDEN-BLOG,blog-post,"blog kararına bağlı"
"/post/autodesk-fusion-ocak-guncellemesini-kesfedin","/",GOZDEN-BLOG,blog-post,"blog kararına bağlı"
"/post/autodesk-inventor-2021-sac-metal-tasarımlarınızı-nasıl-daha-hızlı-yapabilirsiniz","/",GOZDEN-BLOG,blog-post,"blog kararına bağlı"
"/post/autodesk-inventor-2021-yenilikleri","/",GOZDEN-BLOG,blog-post,"blog kararına bağlı"
"/post/autodesk-inventor-2022-yeni-özellikler","/",GOZDEN-BLOG,blog-post,"blog kararına bağlı"
"/post/autodesk-inventor-2022-yenilikleri","/",GOZDEN-BLOG,blog-post,"blog kararına bağlı"
"/post/autodesk-inventor-2023-yenilikleri","/",GOZDEN-BLOG,blog-post,"blog kararına bağlı"
"/post/autodesk-inventor-cut-across-bend-komutu","/",GOZDEN-BLOG,blog-post,"blog kararına bağlı"
"/post/autodesk-inventor-direct-komutu","/",GOZDEN-BLOG,blog-post,"blog kararına bağlı"
"/post/autodesk-inventor-i-çerik-merkezi-content-center-kütüphanesi","/",GOZDEN-BLOG,blog-post,"blog kararına bağlı"
"/post/autodesk-inventor-ilogic-ile-işlemlerinizi-otomatikleştirin","/",GOZDEN-BLOG,blog-post,"blog kararına bağlı"
"/post/autodesk-inventor-intersection-komutu","/",GOZDEN-BLOG,blog-post,"blog kararına bağlı"
"/post/autodesk-inventor-kesit-grafikler-ile-sketch-oluşturma","/",GOZDEN-BLOG,blog-post,"blog kararına bağlı"
"/post/autodesk-inventor-model-sadeleştirme","/",GOZDEN-BLOG,blog-post,"blog kararına bağlı"
"/post/autodesk-inventor-montaj-ortamında-görünmez-objeleri-toplu-seçebilme","/",GOZDEN-BLOG,blog-post,"blog kararına bağlı"
"/post/autodesk-inventor-mouse-orbit-özelliği","/",GOZDEN-BLOG,blog-post,"blog kararına bağlı"
"/post/autodesk-inventor-nastran-i-le-analiz-yöntemleri","/",GOZDEN-BLOG,blog-post,"blog kararına bağlı"
"/post/autodesk-inventor-open-file-location","/",GOZDEN-BLOG,blog-post,"blog kararına bağlı"
"/post/autodesk-inventor-profiller-ile-çalışmak","/",GOZDEN-BLOG,blog-post,"blog kararına bağlı"
"/post/autodesk-inventor-project-özelliği-nasıl-kullanılır","/",GOZDEN-BLOG,blog-post,"blog kararına bağlı"
"/post/autodesk-inventor-stl-dosyalarıyla-çalışmak","/",GOZDEN-BLOG,blog-post,"blog kararına bağlı"
"/post/autodesk-inventor-tasarım-hızlandırıcı-aracı-ile-makina-elemanlarınızı-daha-kolay-modelleyin","/",GOZDEN-BLOG,blog-post,"blog kararına bağlı"
"/post/autodesk-lisanslarının-evde-kullanımı-ve-tasarım-dosyalarının-paylaşımı","/",GOZDEN-BLOG,blog-post,"blog kararına bağlı"
"/post/autodesk-navisworks-ile-proje-koordinasyonu-ve-i-ncelemesi","/",GOZDEN-BLOG,blog-post,"blog kararına bağlı"
"/post/autodesk-revit-2020-tips-tricks-yeni-başlayanlar-i-çin-i-puçları","/",GOZDEN-BLOG,blog-post,"blog kararına bağlı"
"/post/autodesk-revit-2020-yeni-başlayanlar-için-family-oluşturma","/",GOZDEN-BLOG,blog-post,"blog kararına bağlı"
"/post/autodesk-revit-2020-yeni-başlayanlar-için-mass-modelleme","/",GOZDEN-BLOG,blog-post,"blog kararına bağlı"
"/post/autodesk-revit-2021-ile-çatı-modelleme-teknikleri","/",GOZDEN-BLOG,blog-post,"blog kararına bağlı"
"/post/autodesk-revit-2021-yeni-özellikleri","/",GOZDEN-BLOG,blog-post,"blog kararına bağlı"
"/post/autodesk-revit-2022-1-update-ile-gelişen-align-komutu","/",GOZDEN-BLOG,blog-post,"blog kararına bağlı"
"/post/autodesk-revit-2022-yeni-özellikler","/",GOZDEN-BLOG,blog-post,"blog kararına bağlı"
"/post/autodesk-revit-2022-yenilikleri","/",GOZDEN-BLOG,blog-post,"blog kararına bağlı"
"/post/autodesk-revit-ara-yüzü-disipline-göre-özelleştirme","/",GOZDEN-BLOG,blog-post,"blog kararına bağlı"
"/post/autodesk-revit-ara-yüzü-disipline-göre-özelleştirme-1","/",GOZDEN-BLOG,blog-post,"blog kararına bağlı"
"/post/autodesk-revit-döşeme-oluşturma","/",GOZDEN-BLOG,blog-post,"blog kararına bağlı"
"/post/autodesk-revit-grid-i-le-aks-oluşturma-ve-aks-çizgilerini-özelleştirme","/",GOZDEN-BLOG,blog-post,"blog kararına bağlı"
"/post/autodesk-revit-görünüm-kopyalama-yöntemleri","/",GOZDEN-BLOG,blog-post,"blog kararına bağlı"
"/post/autodesk-revit-kaybolan-project-browser-panelini-geri-getirmek","/",GOZDEN-BLOG,blog-post,"blog kararına bağlı"
"/post/autodesk-revit-klavye-kısa-yolları-özelleştirme","/",GOZDEN-BLOG,blog-post,"blog kararına bağlı"
"/post/autodesk-revit-kolay-ölçülendirme-nasıl-yapılır","/",GOZDEN-BLOG,blog-post,"blog kararına bağlı"
"/post/autodesk-revit-kullanırken-bilinmesi-gereken-önemli-detaylar","/",GOZDEN-BLOG,blog-post,"blog kararına bağlı"
"/post/autodesk-revit-kütle-tasarım-aracı-ve-yapı-bilgi-modeline-dönüşümü","/",GOZDEN-BLOG,blog-post,"blog kararına bağlı"
"/post/autodesk-revit-pafta-oluşturma","/",GOZDEN-BLOG,blog-post,"blog kararına bağlı"
"/post/autodesk-revit-pdf-dosyalarınızı-revit-e-aktarın","/",GOZDEN-BLOG,blog-post,"blog kararına bağlı"
"/post/autodesk-revit-proje-şablonu","/",GOZDEN-BLOG,blog-post,"blog kararına bağlı"
"/post/autodesk-revit-scope-box-ile-çalışmak","/",GOZDEN-BLOG,blog-post,"blog kararına bağlı"
"/post/autodesk-revit-te-kapı-ve-pencere-ekleme","/",GOZDEN-BLOG,blog-post,"blog kararına bağlı"
"/post/autodesk-revit-te-kaybolan-project-browser-panelini-nasıl-geri-getirebilirim","/",GOZDEN-BLOG,blog-post,"blog kararına bağlı"
"/post/autodesk-revit-te-rampa-modelleme","/",GOZDEN-BLOG,blog-post,"blog kararına bağlı"
"/post/autodesk-revit-template-ayarlarınızı-disiplininize-göre-özelleştirin","/",GOZDEN-BLOG,blog-post,"blog kararına bağlı"
"/post/autodesk-revit-ten-navisworks-e-i-nşaat-süreci-ve-metraj","/",GOZDEN-BLOG,blog-post,"blog kararına bağlı"
"/post/autodesk-revit-ve-autocad-linkli-dosya-paylaşımı","/",GOZDEN-BLOG,blog-post,"blog kararına bağlı"
"/post/autodesk-revit-ve-autodesk-robot-structural-analysis-ile-statik-analiz","/",GOZDEN-BLOG,blog-post,"blog kararına bağlı"
"/post/autodesk-revit-wall-komutu-ve-yeni-duvar-tipi-oluşturma","/",GOZDEN-BLOG,blog-post,"blog kararına bağlı"
"/post/autodesk-revit-yazılımı-ile-sıfırdan-family-yaratmak-ve-varolan-family-dosyalarını-düzenlemek","/",GOZDEN-BLOG,blog-post,"blog kararına bağlı"
"/post/autodesk-revit-yazılımında-seçim-davranışını-kontrol-etme","/",GOZDEN-BLOG,blog-post,"blog kararına bağlı"
"/post/autodesk-revit-yazılımında-topografya-modelleme","/",GOZDEN-BLOG,blog-post,"blog kararına bağlı"
"/post/autodesk-revit-çizgi-stili-oluşturma-line-style-line-pattern","/",GOZDEN-BLOG,blog-post,"blog kararına bağlı"
"/post/autodesk-vred-animasyon-modülü","/",GOZDEN-BLOG,blog-post,"blog kararına bağlı"
"/post/autodesk-vred-ekran-alanı-ortam-tıkanıklığı","/",GOZDEN-BLOG,blog-post,"blog kararına bağlı"
"/post/autodesk-vred-etkileşimli-alan-derinliği","/",GOZDEN-BLOG,blog-post,"blog kararına bağlı"
"/post/autodesk-vred-genişletilmiş-akış-yetenekleri","/",GOZDEN-BLOG,blog-post,"blog kararına bağlı"
"/post/autodesk-vred-gerçekçi-prototipleri-inceleyin-doğrulayın-ve-sergileyin","/",GOZDEN-BLOG,blog-post,"blog kararına bağlı"
"/post/autodesk-vred-gölgeleri-geometriye-önceden-i-şleme","/",GOZDEN-BLOG,blog-post,"blog kararına bağlı"
"/post/autodesk-vred-güncellenmiş-uv-düzenleyici","/",GOZDEN-BLOG,blog-post,"blog kararına bağlı"
"/post/autodesk-vred-i-yileştirilmiş-kaliteli-render","/",GOZDEN-BLOG,blog-post,"blog kararına bağlı"
"/post/autodesk-vred-i-şbirliğinde-esneklik","/",GOZDEN-BLOG,blog-post,"blog kararına bağlı"
"/post/autodesk-vred-karmaşık-kontrol-modellerini-bir-araya-getirin-ve-bakımını-yapın","/",GOZDEN-BLOG,blog-post,"blog kararına bağlı"
"/post/autodesk-vred-malzeme-filtreleme-ve-gösterimi","/",GOZDEN-BLOG,blog-post,"blog kararına bağlı"
"/post/autodesk-vred-nedir","/",GOZDEN-BLOG,blog-post,"blog kararına bağlı"
"/post/autodesk-vred-render-geliştirmeleri","/",GOZDEN-BLOG,blog-post,"blog kararına bağlı"
"/post/autodesk-vred-sanal-gerçeklik-etkileşimi","/",GOZDEN-BLOG,blog-post,"blog kararına bağlı"
"/post/autodesk-vred-sorunsuz-karar-verme-için-insanları-ve-verileri-birbirine-bağlayın","/",GOZDEN-BLOG,blog-post,"blog kararına bağlı"
"/post/autodesk-vred-streaming-çözümü","/",GOZDEN-BLOG,blog-post,"blog kararına bağlı"
"/post/autodesk-vred-varyantları-dönüştür","/",GOZDEN-BLOG,blog-post,"blog kararına bağlı"
"/post/autodesk-vred-veri-işlemede-iyileştirmeler","/",GOZDEN-BLOG,blog-post,"blog kararına bağlı"
"/post/autodesk-vred-vr-ve-performans-i-yileştirmeleri","/",GOZDEN-BLOG,blog-post,"blog kararına bağlı"
"/post/autodesk-vred-vred-go-dışa-aktarılabilir-dosya","/",GOZDEN-BLOG,blog-post,"blog kararına bağlı"
"/post/autodesk-vred-yeniden-i-şlenmiş-malzeme-editörü","/",GOZDEN-BLOG,blog-post,"blog kararına bağlı"
"/post/autodesk-çözümleri-i-le-ürünlerinizi-görselleştirin-ve-anime-edin","/",GOZDEN-BLOG,blog-post,"blog kararına bağlı"
"/post/bim-360-bulutta-ekipler-ile-çalışma-ve-erişim-i-zinlerini-yönetme","/",GOZDEN-BLOG,blog-post,"blog kararına bağlı"
"/post/bim-süreçlerinin-autodesk-2021-çözümleri-ile-yönetimi","/",GOZDEN-BLOG,blog-post,"blog kararına bağlı"
"/post/bim360-design---proje-çıktılarını-geliştirmek-için-tasarım-ekiplerinizi-bulutta-bağlayın","/",GOZDEN-BLOG,blog-post,"blog kararına bağlı"
"/post/bim360-design-i-nşaat-sektöründe-en-uygun-i-şbirliği-süreçleri","/",GOZDEN-BLOG,blog-post,"blog kararına bağlı"
"/post/bina-enerji-performansı-ve-sürdürülebilir-yapı-tasarımı-i-çin-gün-işığı-çalışmaları","/",GOZDEN-BLOG,blog-post,"blog kararına bağlı"
"/post/bulutun-potansiyelini-ortaya-çıkarma-autodesk-fusion-360-cad-cam-cae-ve-pcb","/",GOZDEN-BLOG,blog-post,"blog kararına bağlı"
"/post/burkulma-analizi","/",GOZDEN-BLOG,blog-post,"blog kararına bağlı"
"/post/büyük-montajlarınızı-hafifletmek-ve-analize-hazırlamak-için-i̇puçları","/",GOZDEN-BLOG,blog-post,"blog kararına bağlı"
"/post/cad-ve-plm-ile-desteklenmiş-immersive-xr-teknolojileri","/",GOZDEN-BLOG,blog-post,"blog kararına bağlı"
"/post/düşük-maliyetle-sahip-olabileceğiniz-autodesk-fusion-360-ile-cam-i-şlemlerini-nasıl-oluşturabiliriz","/",GOZDEN-BLOG,blog-post,"blog kararına bağlı"
"/post/endüstriyel-tasarım-ve-a-sınıfı-yüzey-modelleme-için-autodesk-alias","/",GOZDEN-BLOG,blog-post,"blog kararına bağlı"
"/post/endüstriyel-tesis-tasarımı-ve-p-id-taslak-çizimine-genel-bakış","/",GOZDEN-BLOG,blog-post,"blog kararına bağlı"
"/post/factory-design-utilities","/",GOZDEN-BLOG,blog-post,"blog kararına bağlı"
"/post/forge-platformu-ile-mühendislik-verilerinizi-görüntüleyin-paylaşın-yayınlayın","/",GOZDEN-BLOG,blog-post,"blog kararına bağlı"
"/post/fusion-360-3d-baskı-eklemeli-i-malat","/",GOZDEN-BLOG,blog-post,"blog kararına bağlı"
"/post/fusion-360-3d-metal-baskı-metal-eklemeli-imalat","/",GOZDEN-BLOG,blog-post,"blog kararına bağlı"
"/post/fusion-360-additive-build-extension","/",GOZDEN-BLOG,blog-post,"blog kararına bağlı"
"/post/fusion-360-cam-4-ve-5-eksenli-eşzamanlı-frezeleme","/",GOZDEN-BLOG,blog-post,"blog kararına bağlı"
"/post/fusion-360-da-i̇ki-düzlem-arasına-modeli-konumlandırmak","/",GOZDEN-BLOG,blog-post,"blog kararına bağlı"
"/post/fusion-360-dökümantasyon","/",GOZDEN-BLOG,blog-post,"blog kararına bağlı"
"/post/fusion-360-dökümantasyon-1","/",GOZDEN-BLOG,blog-post,"blog kararına bağlı"
"/post/fusion-360-dökümantasyon-özellikleri-render-alma","/",GOZDEN-BLOG,blog-post,"blog kararına bağlı"
"/post/fusion-360-ekim-güncellemesini-keşfedin","/",GOZDEN-BLOG,blog-post,"blog kararına bağlı"
"/post/fusion-360-elektronik","/",GOZDEN-BLOG,blog-post,"blog kararına bağlı"
"/post/fusion-360-elektronik-bileşen-kitaplığı-yönetimi","/",GOZDEN-BLOG,blog-post,"blog kararına bağlı"
"/post/fusion-360-elektronik-mcad-ecad-birleştirme","/",GOZDEN-BLOG,blog-post,"blog kararına bağlı"
"/post/fusion-360-elektronik-pcb-i-malatı-cam","/",GOZDEN-BLOG,blog-post,"blog kararına bağlı"
"/post/fusion-360-eylül-güncellemesini-keşfedin","/",GOZDEN-BLOG,blog-post,"blog kararına bağlı"
"/post/fusion-360-fff-fused-filament-fabrication","/",GOZDEN-BLOG,blog-post,"blog kararına bağlı"
"/post/fusion-360-generative-design-bulut-ta-çözdür","/",GOZDEN-BLOG,blog-post,"blog kararına bağlı"
"/post/fusion-360-generative-design-cad-dosyalarını-dışarı-aktar","/",GOZDEN-BLOG,blog-post,"blog kararına bağlı"
"/post/fusion-360-generative-design-eklentisi","/",GOZDEN-BLOG,blog-post,"blog kararına bağlı"
"/post/fusion-360-generative-design-extension","/",GOZDEN-BLOG,blog-post,"blog kararına bağlı"
"/post/fusion-360-generative-design-makine-öğrenimi-ve-yapay-zeka","/",GOZDEN-BLOG,blog-post,"blog kararına bağlı"
"/post/fusion-360-generative-design-maliyetlendirme","/",GOZDEN-BLOG,blog-post,"blog kararına bağlı"
"/post/fusion-360-i-ş-birliği","/",GOZDEN-BLOG,blog-post,"blog kararına bağlı"
"/post/fusion-360-i-ş-birliği-1","/",GOZDEN-BLOG,blog-post,"blog kararına bağlı"
"/post/fusion-360-i-ş-birliği-2","/",GOZDEN-BLOG,blog-post,"blog kararına bağlı"
"/post/fusion-360-i-ş-birliği-3","/",GOZDEN-BLOG,blog-post,"blog kararına bağlı"
"/post/fusion-360-iş-birliği","/",GOZDEN-BLOG,blog-post,"blog kararına bağlı"
"/post/fusion-360-manage-extension","/",GOZDEN-BLOG,blog-post,"blog kararına bağlı"
"/post/fusion-360-mart-güncellemesini-keşfedin","/",GOZDEN-BLOG,blog-post,"blog kararına bağlı"
"/post/fusion-360-mayıs-güncellemesini-keşfedin","/",GOZDEN-BLOG,blog-post,"blog kararına bağlı"
"/post/fusion-360-nisan-güncellemesini-keşfedin","/",GOZDEN-BLOG,blog-post,"blog kararına bağlı"
"/post/fusion-360-ocak-güncellemesini-keşfedin","/",GOZDEN-BLOG,blog-post,"blog kararına bağlı"
"/post/fusion-360-simulation-extension","/",GOZDEN-BLOG,blog-post,"blog kararına bağlı"
"/post/fusion-360-simülasyon","/",GOZDEN-BLOG,blog-post,"blog kararına bağlı"
"/post/fusion-360-simülasyon-1","/",GOZDEN-BLOG,blog-post,"blog kararına bağlı"
"/post/fusion-360-simülasyon-2","/",GOZDEN-BLOG,blog-post,"blog kararına bağlı"
"/post/fusion-360-simülasyon-3","/",GOZDEN-BLOG,blog-post,"blog kararına bağlı"
"/post/fusion-360-simülasyon-4","/",GOZDEN-BLOG,blog-post,"blog kararına bağlı"
"/post/fusion-360-simülasyon-5","/",GOZDEN-BLOG,blog-post,"blog kararına bağlı"
"/post/fusion-360-simülasyon-6","/",GOZDEN-BLOG,blog-post,"blog kararına bağlı"
"/post/fusion-360-simülasyon-basitleştirme","/",GOZDEN-BLOG,blog-post,"blog kararına bağlı"
"/post/fusion-360-simülasyon-çalışma-genişliği-study-breadth","/",GOZDEN-BLOG,blog-post,"blog kararına bağlı"
"/post/fusion-360-temmuz-güncellemesini-keşfedin","/",GOZDEN-BLOG,blog-post,"blog kararına bağlı"
"/post/fusion-360-veri-yönetimi","/",GOZDEN-BLOG,blog-post,"blog kararına bağlı"
"/post/fusion-360-veri-yönetimi-1","/",GOZDEN-BLOG,blog-post,"blog kararına bağlı"
"/post/fusion-360-veri-yönetimi-dosya-dışa-aktarma","/",GOZDEN-BLOG,blog-post,"blog kararına bağlı"
"/post/fusion-360-veri-yönetimi-fusion-team","/",GOZDEN-BLOG,blog-post,"blog kararına bağlı"
"/post/fusion-360-örgü-mesh-modelleme","/",GOZDEN-BLOG,blog-post,"blog kararına bağlı"
"/post/fusion-360-üretken-tasarım","/",GOZDEN-BLOG,blog-post,"blog kararına bağlı"
"/post/fusion-360-şubat-güncellemesini-keşfedin","/",GOZDEN-BLOG,blog-post,"blog kararına bağlı"
"/post/fusion360-ile-prototipten-urune","/",GOZDEN-BLOG,blog-post,"blog kararına bağlı"
"/post/güncellemeyi-erteleme-özelliği-hakkında-en-önemli-10-soru-ve-yanıt","/",GOZDEN-BLOG,blog-post,"blog kararına bağlı"
"/post/inventor-teknik-resimde-delik-merkezlerini-otomatik-i-şaretlemek","/",GOZDEN-BLOG,blog-post,"blog kararına bağlı"
"/post/inventor-çizim-oluşturma","/",GOZDEN-BLOG,blog-post,"blog kararına bağlı"
"/post/işbirliği-ve-dosya-paylaşımları-yapmak-için-ücretsiz-uygulamalar","/",GOZDEN-BLOG,blog-post,"blog kararına bağlı"
"/post/karmaşık-tasarımlarınızdaki-borulama-ve-kablolama-işlemlerinizi-autodesk-inventor-ile-çözümleyin","/",GOZDEN-BLOG,blog-post,"blog kararına bağlı"
"/post/makine-elemanlarının-kesit-görünümünü-oluşturmak","/",GOZDEN-BLOG,blog-post,"blog kararına bağlı"
"/post/mekanik-ve-elektrik-tesisatı-için-bim-in-tüm-gücünü-ortaya-çıkarın","/",GOZDEN-BLOG,blog-post,"blog kararına bağlı"
"/post/mimari-projelerde-görselleştirme-çalışmaları","/",GOZDEN-BLOG,blog-post,"blog kararına bağlı"
"/post/mimari-yapısal-mühendislik-mep-çözümlerine-genel-bakış","/",GOZDEN-BLOG,blog-post,"blog kararına bağlı"
"/post/montajlarınızı-kopyalamak-parçaların-i-smini-değiştirmek-veri-yönetimi-pdm-i-le-daha-kolay","/",GOZDEN-BLOG,blog-post,"blog kararına bağlı"
"/post/nesting-utility-ile-autodesk-inventor-üzerinde-sac-parça-yerleşimi","/",GOZDEN-BLOG,blog-post,"blog kararına bağlı"
"/post/ofise-dönüş-zamanı-geldiğinde-i-nsan-hareketliliği-ve-tasarım-simülasyonları","/",GOZDEN-BLOG,blog-post,"blog kararına bağlı"
"/post/ofise-dönüş-zamanı-geldiğinde-sosyal-mesafe-için-alan-planlaması-revit-generative-design","/",GOZDEN-BLOG,blog-post,"blog kararına bağlı"
"/post/olay-simülasyonu","/",GOZDEN-BLOG,blog-post,"blog kararına bağlı"
"/post/pcb-düzeni","/",GOZDEN-BLOG,blog-post,"blog kararına bağlı"
"/post/pdm-ve-plm-arasındaki-farklar-nedir-neden-ikisine-de-ihtiyacımız-var","/",GOZDEN-BLOG,blog-post,"blog kararına bağlı"
"/post/pdm-ve-plm-sistemleri-ürün-kalitesi-ve-proje-yönetimine-nasıl-bir-katkı-sağlar","/",GOZDEN-BLOG,blog-post,"blog kararına bağlı"
"/post/plant-3d-bim-360-design-i-ş-akışı","/",GOZDEN-BLOG,blog-post,"blog kararına bağlı"
"/post/plant-3d-revit-navisworks-infraworks-i-ş-akışı","/",GOZDEN-BLOG,blog-post,"blog kararına bağlı"
"/post/prekast-ve-prefabrik-yapılarınızı-autodesk-ürünleri-ile-hızlıca-çözün","/",GOZDEN-BLOG,blog-post,"blog kararına bağlı"
"/post/projenin-başarısı-i-çin-yapı-i-nşa-sürecindeki-kayıpların-ortadan-kaldırılması","/",GOZDEN-BLOG,blog-post,"blog kararına bağlı"
"/post/revit-2021-merdiven-modelleme-teknikleri","/",GOZDEN-BLOG,blog-post,"blog kararına bağlı"
"/post/revit-için-dynamo-ya-giriş-i","/",GOZDEN-BLOG,blog-post,"blog kararına bağlı"
"/post/revit-için-dynamo-ya-giriş-ii","/",GOZDEN-BLOG,blog-post,"blog kararına bağlı"
"/post/revit-için-dynamo-ya-giriş-iii","/",GOZDEN-BLOG,blog-post,"blog kararına bağlı"
"/post/revit-kesit","/",GOZDEN-BLOG,blog-post,"blog kararına bağlı"
"/post/simülasyon-analiz","/",GOZDEN-BLOG,blog-post,"blog kararına bağlı"
"/post/simülasyon-ve-analiz-çözümleri","/",GOZDEN-BLOG,blog-post,"blog kararına bağlı"
"/post/spice-simülasyonu","/",GOZDEN-BLOG,blog-post,"blog kararına bağlı"
"/post/tasarla-üret-çalıştır-fusion-360-ile-bulutta-dijital-i-kiz-oluşturma","/",GOZDEN-BLOG,blog-post,"blog kararına bağlı"
"/post/tasarım-ve-i-nşaat-aşamasında-i-nşaat-ekipleri-arasındaki-koordinasyonu-autodesk-ile-yönetmek","/",GOZDEN-BLOG,blog-post,"blog kararına bağlı"
"/post/tasarım-ve-üretim-süreçlerinizi-optimize-edin","/",GOZDEN-BLOG,blog-post,"blog kararına bağlı"
"/post/tasarım-çıktılarınızı-en-hızlı-şekilde-elde-edin-hızlı-tasarım-doğru-maliyet-sorunsuz-paftalar","/",GOZDEN-BLOG,blog-post,"blog kararına bağlı"
"/post/tasarımdan-planlamaya-tedarikten-üretime-yeni-nesil-cad-cam-cae-çözümleri","/",GOZDEN-BLOG,blog-post,"blog kararına bağlı"
"/post/tasarımı-hızlandırıp-üretimle-birleştiren-en-i̇yi-10-araç-seti","/",GOZDEN-BLOG,blog-post,"blog kararına bağlı"
"/post/tüm-yapı-sürecini-üret-paylaş-yönet-uçtan-uca-ofis-şantiye-entegrasyonu","/",GOZDEN-BLOG,blog-post,"blog kararına bağlı"
"/post/uzaktan-çalışan-veya-kalabalık-ekip-üyeleri-için-bulut-tabanlı-tasarım","/",GOZDEN-BLOG,blog-post,"blog kararına bağlı"
"/post/verilerinizi-fusion-360-ile-kolayca-yönetin","/",GOZDEN-BLOG,blog-post,"blog kararına bağlı"
"/post/yapılardaki-havalandırma-kanallarının-modellenmesi-ve-i̇malat-resimlerinin-elde-edilmesi","/",GOZDEN-BLOG,blog-post,"blog kararına bağlı"
"/post/yazılımların-uyumu-ile-görselleştirmeye-adım-adım","/",GOZDEN-BLOG,blog-post,"blog kararına bağlı"
"/post/yönetimi-anycad","/",GOZDEN-BLOG,blog-post,"blog kararına bağlı"
"/post/üretim-sektörü-için-autodesk-2021-çözümleri-ile-dijitalleşme","/",GOZDEN-BLOG,blog-post,"blog kararına bağlı"
"/post/üretim-sektörü-için-bim-bim-objects","/",GOZDEN-BLOG,blog-post,"blog kararına bağlı"
"/post/üretim-sektörü-için-bim-bim-objects-1","/",GOZDEN-BLOG,blog-post,"blog kararına bağlı"
"/post/üretim-ve-yapı-sektörlerinin-birlikte-çalışabilirlik-ve-sürdürülebilirlik-prensipleri","/",GOZDEN-BLOG,blog-post,"blog kararına bağlı"
"/raster-design","/autocad",KURAL,ana,"toolset"
"/recap-pro","/recap-pro",BIREBIR,ana,""
"/revit","/revit",BIREBIR,ana,""
"/revit-lt","/revit-lt",BIREBIR,ana,""
"/robot-structure-analysis","/robot-structural",KURAL,ana,"slug farkı"
"/sanatsalbaski","/sanatsal-baski",KURAL,ana,"slug farkı"
"/simulasyon-ve-analiz","/simulasyon",KURAL,ana,""
"/simulasyon-ve-analiz-yazilimlari","/simulasyon",KURAL,ana,""
"/sketchup","/sketchup",BIREBIR,ana,""
"/sketchup/3d-warehouse","/sketchup",GOZDEN,koleksiyon:sketchup,"ürün tanınmadı"
"/sketchup/extension-warehouse","/sketchup",GOZDEN,koleksiyon:sketchup,"ürün tanınmadı"
"/sketchup/layout","/sketchup",GOZDEN,koleksiyon:sketchup,"ürün tanınmadı"
"/sketchup/predesign","/sketchup",GOZDEN,koleksiyon:sketchup,"ürün tanınmadı"
"/sketchup/scan-essentials","/sketchup",GOZDEN,koleksiyon:sketchup,"ürün tanınmadı"
"/sketchup/sketchup-for-ipad","/sketchup",GOZDEN,koleksiyon:sketchup,"ürün tanınmadı"
"/sketchup/sketchup-go","/sketchup-go",KURAL,koleksiyon:sketchup,"model eşleşmesi: go"
"/sketchup/sketchup-pro","/sketchup",KURAL,koleksiyon:sketchup,"model eşleşmesi: pro"
"/sketchup/sketchup-studio","/sketchup-studio",KURAL,koleksiyon:sketchup,"model eşleşmesi: studio"
"/sketchup/sketchup-viewer","/sketchup",GOZDEN,koleksiyon:sketchup,"ürün tanınmadı"
"/sketchup/style-builder","/sketchup",GOZDEN,koleksiyon:sketchup,"ürün tanınmadı"
"/sketchup/trimble-connect","/trimble-connect",KURAL,koleksiyon:sketchup,"model eşleşmesi: connect"
"/statik","/robot-structural",GOZDEN,ana,"statik kategori → Robot Structural"
"/statik-yazilimlari","/robot-structural",GOZDEN,ana,""
"/surdurulebilirlik","/surdurulebilirlik",BIREBIR,ana,""
"/tasarim-otomasyonu","/tasarim-otomasyonu",BIREBIR,ana,""
"/teklif-iste","/iletisim",KURAL,ana,""
"/tesis-tasarimi-icin-bim","/bim",KURAL,ana,""
"/tolerans-analizi","/tolerans-analizi",BIREBIR,ana,""
"/ultimaker","/ultimaker",BIREBIR,ana,""
"/ultimaker-3d-yazicilar","/ultimaker",KURAL,ana,""
"/ultimaker-3d-yazicilar/ultimaker-2%2B-connect","/ultimaker",GOZDEN,koleksiyon:ultimaker-3d-yazicilar,"model tanınmadı"
"/ultimaker-3d-yazicilar/ultimaker-s3","/ultimaker",KURAL,koleksiyon:ultimaker-3d-yazicilar,"model eşleşmesi: s3"
"/ultimaker-3d-yazicilar/ultimaker-s5","/ultimaker",KURAL,koleksiyon:ultimaker-3d-yazicilar,"model eşleşmesi: s5"
"/ultimaker-3d-yazicilar/ultimaker-s5-pro-bundle-","/ultimaker",KURAL,koleksiyon:ultimaker-3d-yazicilar,"model eşleşmesi: s5"
"/ultimaker-3d-yazicilar/ultimaker-s7","/ultimaker",KURAL,koleksiyon:ultimaker-3d-yazicilar,"model eşleşmesi: s7"
"/ultimaker-aksesuar","/ultimaker",GOZDEN,ana,"aksesuar/sarf sayfası yok"
"/ultimaker-aksesuar/ultimaker-air-manager","/ultimaker",GOZDEN,koleksiyon:ultimaker-aksesuar,"aksesuar sayfası yok"
"/ultimaker-aksesuar/ultimaker-bask%C4%B1-h%C3%BCcreleri","/ultimaker",GOZDEN,koleksiyon:ultimaker-aksesuar,"aksesuar sayfası yok"
"/ultimaker-aksesuar/ultimaker-metal-bask%C4%B1-kiti","/ultimaker",GOZDEN,koleksiyon:ultimaker-aksesuar,"aksesuar sayfası yok"
"/ultimaker-aksesuar/ultimaker-pva-kald%C4%B1rma-i%CC%87stasyonu","/ultimaker",GOZDEN,koleksiyon:ultimaker-aksesuar,"aksesuar sayfası yok"
"/ultimaker-aksesuar/ultimaker-s5-material-station","/ultimaker",GOZDEN,koleksiyon:ultimaker-aksesuar,"aksesuar sayfası yok"
"/urun-tasarimi-uretim-yazilimlari","/pdm-collection",KURAL,ana,""
"/urunler","/urunler",BIREBIR,ana,""
"/vault-pdm","/vault-pdm",BIREBIR,ana,""
"/vault-plm","/vault-pdm",KURAL,ana,"Vault PLM bölümü vault-pdm sayfasında"
"/video-oyun-tasarimi","/sektor-medya",KURAL,ana,""
"/vred","/gorsellestirme",GOZDEN,ana,"VRED sayfası yok — karar (otomotiv görselleştirme)"
"/webinar","/egitimler",GOZDEN,ana,"webinar arşivi yok"
"/yapi-urunleri-ureticileri-icin-bim","/bim",KURAL,ana,""
"/yapi-urunleri-uretim-ve-imalati","/bim",KURAL,ana,""
"/yapisal-mühendislik-icin-bim","/bim",KURAL,ana,"URL'de Türkçe karakter vardı"
"/yazilim-gelistirme","/yazilim-gelistirme",BIREBIR,ana,""